"","Name","Location","YearRound","Handicap","Borough","Lat","Lon"
"1","100% Playground","Glenwood Road, East 100 & East 101 streets","Yes","No","Brooklyn",39.9294559,-99.3096789
"2","174th Street Playground","East 174 Street, Stratford Avenue, Bronx River Avenue","Yes","No","Bronx",40.8276779,-73.9260176
"3","227 Street Playground","Bronx Boulevard between East 226 and East 228 streets","Yes","Yes","Bronx",40.8897285,-73.863865
"4","Abe Lincoln","East 135 Street, between Madison & 5 avenues","Yes","No","Manhattan",43.0730517,-89.4012302
"6","Agnes Haywood Playground","East 215 Street, Barnes Avenue, East 216 Street","Yes","No","Bronx",32.8233438,-96.5970766
"7","Albemarle Park","Albermarle Road & Dahill Road","Yes","Yes","Brooklyn",32.3397807,-90.2038814
"8","Albert J. Parham Playground","Adelphi Street, Clermont, DeKalb & Willoughby avenues","Yes","Yes","Brooklyn",41.9294736,-88.7503647
"9","Alexander Hamilton Playground","Hamilton Place, West 140 to West 141 streets","Yes","No","Manhattan",41.2795964,-82.2451306
"10","Alfred E. Smith Park","Catherine Slip, Madison & South streets","Yes","No","Manhattan",43.0730517,-89.4012302
"13","Alley Park (PS 213)","67 Avenue & 230 Street","Yes","No","Queens",25.9478599,-80.3073243
"17","Alley Pond Park (Horatio Playground)","Horatio Parkway and 50 Avenue","Yes","No","Queens",40.758232,-73.7531418
"18","Alstyne Playground","Alystine Avenue & 102 Street","Yes","No","Queens",40.7433542,-73.8636818
"20","Ampere Playground (PS 64)","101 Avenue & 82 Street","Yes","No","Queens",40.687565,-73.834403
"21","Andrews Playground","49 Avenue, Vernon Boulevard, 5 Street","No","No","Queens",42.2416217,-71.7980731
"26","Arrow Community Garden","35th Street, between 35th and 36th Avenue","Yes","No","Queens",29.9373349,30.8978832
"27","Asser Levy","Asser Levy Place & East 24-25 streets","Yes","No","Manhattan",40.7365603,-73.9757719
"30","Astoria Heights Playground","30 Road, 45 to 46 streets","Yes","No","Queens",29.9421044,30.9277925
"33","Aubondale Playground","170-171 streets, 33-35 avenues","Yes","No","Queens",40.6788906,-90.4634925
"34","Audubon Playground","West 170 Street & Audubon Avenue","Yes","No","Manhattan",40.4713663,-94.0550188
"35","Augustus St. Gaudens","East 19 to East 20 streets, 2 Avenue","Yes","No","Manhattan",29.9409205,30.9198551
"36","Bailey Playground","Bailey Avenue, Weast 233-West 238 streets","Yes","No","Bronx",39.1729522,-90.7877677
"37","Baisley Pond Park","Rockaway Boulevard, 125th Avenue, & Baisley Boulevard South","Yes","No","Queens",40.592658,-73.7977928
"39","Baisley Pond Park (157th Street Playground)","157 Street & 116 Avenue","Yes","No","Queens",45.1064033,-96.7980804
"40","Bartlett Playground","Bartlett Street & Throop Avenue","Yes","No","Brooklyn",37.7524731,-122.4195908
"41","Battery Park (Battery Gardens)","Battery Place, State & Whitehall streets","Yes","No","Manhattan",40.7035905,-74.0144071
"42","Battery Park Comfort Station","Battery Place, State & Whitehall streets","Yes","No","Manhattan",40.7035905,-74.0144071
"43","Bay Terrace Playground (PS 169)","23 Avenue & 212 Street","Yes","No","Queens",48.0054429,-97.8551628
"44","Bayside Fields","204 Street & 29 Avenue, Clearview Expressway","Yes","Yes","Queens",44.4267369,-97.516649
"45","Bayside Playground (JHS 180)","Beach Channel Drive & Seaside Avenue","No","No","Queens",40.5897085,-73.8148117
"46","Bayview Playground","Seaview Avenue & East 99 Street","Yes","No","Brooklyn",40.635361,-73.8874068
"47","Bedford Playground","Bedford Avenue & South 9 Street, Division Avenue","Yes","No","Brooklyn",40.6536822,-73.9561495
"49","Bellaire Playground","89 Avenue, 207 & 208 streets","Yes","No","Queens",39.9770265,32.9143338
"50","Belmont Playground","Crotona Avenue, East 181 Street","Yes","Yes","Bronx",18.0244065,-76.8091508
"51","Bendheim Playground","100th Street and Fifth Ave","No","Yes","Manhattan",45.2163933,-92.3655994
"52","Bennett Park","West 185 Street, Ft Washington Avenue","Yes","No","Manhattan",40.5859148,-105.0914605
"54","Bensonhurst Park","Gravesend Bay, 21 & Cropsey avenues, Bay Parkway","Yes","No","Brooklyn",51.3993606,0.4551232
"55","Betsy Head Playground","Livonia, Dumont, Hopkinson, Blake avenues, Strauss Street","Yes","No","Brooklyn",42.36837,-83.3527097
"56","Betsy Head Playground (Administration Building)","Livonia, Dumont, Hopkinson, Blake avenues, Strauss Street","Yes","No","Brooklyn",42.36837,-83.3527097
"57","Big Bush Park","61 Street, north and south of Brooklyn-Queens Expressway","Yes","No","Queens",40.6983224,-73.9829246
"59","Bill Brown Memorial Playground","Bedford Avenue, Avenue X to Avenue Y, E 24 Street","Yes","No","Brooklyn",52.1770007,-0.4074894
"60","Bleecker Playground","Hudson & West 11 streets","Yes","No","Manhattan",42.2528649,-73.790959
"61","Blood Root Valley (Greenbelt Nature Center)","Rockland, Manor and Brielle avenues, Forest Hill Road","Yes","Yes","Staten Island",44.1036914,-69.1089293
"62","Blood Root Valley (Park House)","Rockland, Manor and Brielle avenues, Forest Hill Road","Yes","Yes","Staten Island",44.1036914,-69.1089293
"63","Bloomingdale Park","Richmond Pkwy, Bloomingdale Rd., Lenevar Ave","No","Yes","Staten Island",32.1779885,-81.3351735
"64","Bloomingdale Playground","Amsterdam Avenue, West 104 & West 105 streets","Yes","No","Manhattan",40.7987854,-73.9658493
"65","Bowne Park","159 Street, 29 Avenue, 155 Street, 32 Avenue","Yes","No","Queens",37.9411724,40.1982725
"66","Bowne Playground","Union Street and Sanford Avenue","Yes","No","Queens",40.7576513,-73.8251902
"67","Breininger Park","Braddock Avenue & 240 Street","Yes","No","Queens",40.728006,-73.7341564
"68","Breukelen Playground","Louisiana & Flatlands Avenue","Yes","No","Brooklyn",30.9842977,-91.9623327
"69","Brevoort Playground","Ralph Avenue & Chauncy Street","Yes","No","Brooklyn",40.634696,-73.9188247
"70","Bridge Park 2","Bridge & Prospect streets","Yes","No","Brooklyn",39.2187286,-79.9130054
"71","Broadway Malls","Broadway, Columbus Circle to West 110 Street","Yes","No","Manhattan",32.462865,-84.9930799
"72","Bronx Park (Ben Abrams Playground)","Lydig Avenue & Bronx Park East","Yes","No","Bronx",40.8543818,-73.8610494
"73","Bronx Park (Brady Playground)","Bronx Park East between Bronxdale Avenue and Unionport Road","Yes","No","Bronx",40.8370495,-73.8654295
"74","Bronx Park (French Charley's Playground)","East 204 Street & W/S Bronx Park","Yes","No","Bronx",40.8740125,-73.8833881
"75","Bronx Park (Olinville Playground)","East 219 Street & Bronx River Parkway","Yes","No","Bronx",38.7180672,-94.2559255
"78","Bronx Park (Rosewood Playground)","Bronx River Parkway & Rosewood Street","Yes","No","Bronx",40.9476645,-73.8345485
"79","Bronx Park (Waring Playground)","Bronx Park East between Waring Avenure and Thwaites Place","Yes","No","Bronx",40.8370495,-73.8654295
"80","Bronx River Parkway (Parque de los Ninos)","Bronx River Parkway, Bronx Park, Westchester/NYC City Line.","Yes","Yes","Bronx",40.864696,-73.871816
"82","Brower Park","Brooklyn, St. Mark's, Kingston avenues, Park Place","Yes","No","Brooklyn",40.6781784,-73.9441579
"83","Brower Park (Museum)","Brooklyn, St. Mark's, Kingston avenues, Park Place","Yes","No","Brooklyn",40.6781784,-73.9441579
"84","Brownsville Playground","Linden Boulevard & Hegeman Avenue","Yes","No","Brooklyn",40.692642,-73.769417
"86","Bushwick Playground & Pool","Flushing Avenue, Bushwick Avenue & Humboldt Street","No","No","Brooklyn",40.7018957,-73.9369936
"87","Bushwick Playground & Pool","Flushing & Bushwick Avenue between Garden & Beaver","Yes","No","Brooklyn",40.7674987,-73.833079
"88","Cabbell Park/Cambria Playground","121 Avenue & 220 Street","Yes","No","Queens",44.9720313,-96.4146613
"91","Campiz Playground","Hope Street & Metropolitan Avenue","Yes","No","Brooklyn",41.6957277,-71.2795162
"93","Capt. Rivera Playground","East 156 Street, Forest Avenue","Yes","Yes","Bronx",43.659011,-70.2672877
"94","Capt. Tilly Park","Highland Avenue, Upland Parkway, Gothic Parkway, 85 Avenue","Yes","No","Queens",40.3200915,-98.8997422
"95","Captain Mario Fajardo Park","Kissena Boulevard & Booth Memorial Avenue","Yes","No","Queens",40.7413696,-73.8148124
"96","Carl Schurz Park","East 84 Street & East End Avenue","Yes","Yes","Manhattan",39.2430991,-93.8875601
"98","Carmansville Playground","Amsterdam Avenue, West 151 to West 152 streets","Yes","No","Manhattan",43.6382236,-79.3845942
"99","Carroll Park","Court & Smith Streets","Yes","Yes","Brooklyn",41.7172937,21.7828041
"100","Carver Playground","Ralph Avenue & Sumpter Street","No","No","Brooklyn",40.634696,-73.9188247
"103","Castlewood Playground (PS 186)","Little Neck Parkway & 72 Avenue","Yes","No","Queens",40.7536177,-73.7227354
"104","Cauldwell Playground","Caldwell Avenue, East 163 Street, East 161 Street","Yes","No","Bronx",18.0297912,-76.8453799
"105","Cavanaugh Triangle (Angelo Campanero Playground)","East Gun Hill Road, Eastchest Road, & O'Neil Place","Yes","Yes","Bronx",40.868492,-73.842659
"107","Central Park (Ancient Playground)","85 ST & 5TH AVE","No","Yes","Manhattan",27.7487325,-80.4884846
"112","Central Park (Heckscher Playground)","62 ST, BET WEST & CENTER DRS","No","No","Manhattan",29.8342058,31.3504823
"113","Central Park (Kerbs Boathouse)","74th Street near Fifth Avenue","Yes","No","Manhattan",33.503068,-111.921811
"114","Central Park (Lasker)","Central Park at 107th Street","Yes","Yes","Manhattan",40.7987267,-73.9595458
"117","Central Park (Ramble)","Central Park","No","No","Manhattan",40.7828647,-73.9653551
"119","Central Park (Tavern on The Green)","Central Park","No","No","Manhattan",40.7828647,-73.9653551
"120","Central Park (Tennis Courts)","93d Street near the West Drive","Yes","No","Manhattan",39.9187279,-75.5793046
"121","Central Park (The Great Hill)","West Side from 103rd to 107th streets","No","No","Manhattan",41.8810644,-87.663045
"122","Central Park (The Metropolitan Museum of Art)","Fifth Avenue at 82nd Street","Yes","No","Manhattan",40.7789422,-73.9623032
"123","Central Park (West 61st)","West Drive, Central Park West, & 65th Street Transverse","No","No","Manhattan",28.1067129,-80.6910295
"125","Central Park Delacorte Comfort Station","Mid-Park at 80th Street","Yes","Yes","Manhattan",61.1483036,-149.8151437
"126","Century Playground","Brighton Beach Avenue & West 2 Street","Yes","No","Brooklyn",40.5775615,-73.961412
"127","Challenge Playground (PS 187) 251 Street Playground","251 Street & 63 Avenue","No","No","Queens",43.7457298,-97.6172678
"128","Chelsea Park","West 27 Street & 9 Avenue","Yes","No","Manhattan",36.8756394,-76.2967379
"129","Chelsea Recreation Center","South of West 25 Street, 9 to 10 avenues","Yes","Yes","Manhattan",43.6692624,-79.3946224
"130","Cherry Tree (Washington) Playground","99 to 100 streets, 3 Avenue","Yes","No","Manhattan",38.2588241,-85.7764192
"131","Chester Playground","Chester Street, Sutter Avenue","Yes","No","Brooklyn",36.2198886,-115.1881888
"132","Ciccarone Park Playground","Arthur Avenue, East 188 Street","Yes","No","Bronx",44.966451,-93.217218
"133","City Line Park","Atlantic & Fountain avenues","Yes","No","Brooklyn",41.4036007,-95.0138776
"134","Claremont Park","Mount Eden Parkway & Morris Avenue","Yes","No","Bronx",40.8427457,-73.908643
"135","Claremont Park Playground","E 170 Street & Teller Avenue","Yes","No","Bronx",40.471443,-93.8654043
"136","Clark Playground","3 Avenue, East 144 Street, East 146 Street","Yes","Yes","Bronx",39.9610321,32.9093759
"137","Clement Clark Moore Park","Broadway & 83 Street","Yes","No","Queens",41.1115472,-73.8583806
"138","Clintonville Playground (JHS 194)","Clintonville Street, 17 Road & 17 Avenue","Yes","No","Queens",40.0521783,-83.0092803
"139","Col. Charles Young Playground","West 144 Street & Lenox Avenue","Yes","No","Manhattan",41.628064,-87.6560306
"140","Col. David Marcus Memorial Playground","Ocean Parkway, Avenue P, East 3 Street","Yes","No","Brooklyn",37.6857796,-122.4842166
"141","Coleman Square Playground","Between Cherry & Monroe streets","Yes","No","Manhattan",39.099582,-94.575511
"142","College Point Park","130th Street & 23rd Avenue","Yes","No","Queens",42.6839286,-95.15155
"146","Com. John Barry Park & Playground","South of Flushing Avenue","Yes","No","Brooklyn",40.7018957,-73.9369936
"147","Com. John Barry Park & Playground","South of Flushing Avenue","No","No","Brooklyn",40.7018957,-73.9369936
"148","Com. John Barry Park & Playground (Athletic Area)","South of Flushing Avenue","No","No","Brooklyn",40.7018957,-73.9369936
"149","Comm. Eugene S. Sarsfield Playground","East 38 Street & Ryder Street, Avenue M","Yes","No","Brooklyn",39.8256472,-86.0553456
"150","Coney Island","Brighton 2nd","No","Yes","Brooklyn",39.985252,-104.8202615
"151","Coney Island","W 27 ST.","No","Yes","Brooklyn",36.8756394,-76.2967379
"152","Coney Island","W 33 St.","No","Yes","Brooklyn",34.7527994,-96.7231451
"154","Coney Island Beach","Stillwell Avenue","Yes","Yes","Brooklyn",40.5905519,-73.9840847
"155","Coney Island Beach","West 16th Street","No","Yes","Brooklyn",32.6984846,-114.6504068
"156","Coney Island Beach","W 22 ST.","No","Yes","Brooklyn",41.8463279,-87.9728762
"157","Cooper Park","Sharon, Olive streets, Maspeth & Morgan avenues","Yes","No","Brooklyn",40.7153476,-73.9387012
"159","Corporal John A. Seravalli Playground","Hudson & Horatio streets","Yes","No","Manhattan",42.2528649,-73.790959
"160","Corporal Thompson Park","Broadway, Henderson Avenue","No","No","Staten Island",26.637498,-81.8460826
"161","Corporal Thompson Park/West Brighton Pool","Broadway, Henderson Avenue","No","Yes","Staten Island",26.637498,-81.8460826
"163","Crotona Park (Martin Van Buren Playground)","Crotona East & Claremont Parkway","Yes","No","Bronx",39.1309856,17.0067031
"164","Crotona Park (Playground of the Stars)","Fulton Avenue & Crotona Park South","Yes","No","Bronx",43.2880277,-76.1482738
"165","Crotona Park (Pool House)","173rd Street and Fulton Avenue","Yes","Yes","Bronx",40.8406948,-73.8982441
"166","Crotona Park Environmental Center","Crotona Park North, Crotona Park South, Crotona Park East, Fulton Avenue","Yes","No","Bronx",39.1309856,17.0067031
"167","Crowley Playground","57 Avenue & 83 Street","Yes","No","Queens",37.548291,-99.0500762
"169","Cunningham Park (210th Street Playground)","210 Street & 73 Avenue","Yes","No","Queens",40.7423761,-95.2234607
"171","Cypress Hills Park","Blake & Euclid avenues","Yes","No","Brooklyn",31.8970099,-92.2413776
"172","Daniel M. O'Connell Playground","113 Avenue & 196 Street","Yes","No","Queens",42.5137113,-86.1297597
"177","Digilio Playground","McDonald Avenue & Avenue F","Yes","No","Brooklyn",40.6235909,-73.9758061
"178","Dimattina Playground","Hicks & Rapelye streets","Yes","No","Brooklyn",31.184905,-93.0159912
"180","Double Nickel Playground","Osborne Street and Preston Avenue","Yes","Yes","Staten Island",40.5374856,-74.1622243
"185","Drew Playground","Fulton Avenue, East 169 Street","Yes","No","Bronx",36.1588636,-95.9157841
"186","Dry Dock Playground","East 10 Street & Szold Place, Avenue D","No","No","Manhattan",37.9187553,-99.4062103
"187","Dugan Playground","Mill Road & Tysens Lane","Yes","No","Staten Island",44.358234,-88.706306
"188","Dutch Kills Playground (PS 112)","Crescent-28 streets, 36 Avenue, 37 Avenue","Yes","No","Queens",41.0377125,28.0179559
"189","Dyckman House Museum","Broadway & West 204 Street","Yes","No","Manhattan",41.1115472,-73.8583806
"191","East Elmhurst Playground (PS 127)","25 Avenue & 98 Street","Yes","Yes","Queens",30.3816076,-89.093147
"192","East River Park (10th Street)","Northern extreme of park","Yes","No","Manhattan",40.142144,-76.964023
"194","East River Park (Track Building)","East 6 Street & FDR Drive","Yes","No","Manhattan",43.9719586,-92.0560338
"196","East Springfield Playground","115 Road between 218 & 219 streets","Yes","No","Queens",43.2982584,-72.0376283
"199","Ederle Comfort Station","Flushing Meadows Corona Park","No","Yes","Queens",40.7397136,-73.840785
"200","Edmonds Playground","DeKalb Avenue, Adelphi Street","Yes","No","Brooklyn",41.9294736,-88.7503647
"201","Electric Playground","164 Street, south of 65 Avenue","Yes","No","Queens",39.9024481,32.9387324
"202","Emerald Playground (PS 200)","164 Street between Jewel & 71 avenues","Yes","No","Queens",61.1540538,-149.9542148
"203","Equity Park","90 Street, 88 & 89 avenues","Yes","No","Queens",38.3475698,-120.7723642
"204","Ethan Allen Playground","New Jersey Avenue & Vermont Street/Worthman","Yes","No","Brooklyn",38.9855357,-74.8226626
"205","Farm Playground","73 Avenue, 195 Street & 196 Place","Yes","No","Queens",39.8251912,33.4858128
"206","Fermi Playground","Troutman Street & Central Avenue","Yes","No","Brooklyn",40.704825,-73.924586
"207","Fisher Pool","32 Avenue, 99 Street","No","No","Queens",49.2243292,-122.9176077
"208","Flushing Fields (Leonardo Ingravallo Playground)","Bayside Avenue, 25 Avenue, 149 to 150 streets","Yes","No","Queens",40.7585569,-73.7654367
"209","Flushing Meadows Corona Park (Albert H. Mauro Playground)","Park Drive East & 73 Terrace","Yes","No","Queens",40.7251204,-73.8277254
"210","Flushing Meadows Corona Park (Lawrence Playground)","College Point Boulevard and Lawrence Street","Yes","No","Queens",40.7903854,-73.8293995
"213","Flushing Meadows Corona Park (Playground for All Children)","111 Street and Corona Avenue","Yes","Yes","Queens",40.7406704,-73.8501755
"217","Forest Park (Dry Harbour Playground)","80 Street & Myrtle Avenue","Yes","No","Queens",21.9801519,96.0843135
"218","Forest Park (Jackson Pond Playground)","108 Street and Park Lane South","Yes","No","Queens",40.7009165,-73.8421344
"220","Forest Park (Sobelsohn Playground, The Overlook)","Park Lane South and Abingdon Road","Yes","No","Queens",40.7096359,-73.834812
"223","Forest Park (Victory Field)","Long Island Railroad to Woodhaven Boulevard. to Myrtle Avenue to 96th Street","Yes","No","Queens",40.789142,-73.134961
"224","Forest Park (Visitor Center, near the Carousel)","Woodhaven Boulevard and Forest Park Drive","Yes","No","Queens",40.700542,-73.8546456
"226","Fort Greene Playground","Myrtle Avenue & St. Edwards Plaza","Yes","Yes","Brooklyn",40.699841,-73.908683
"227","Fort Independence Playground","Stevenson Place, West 238 Street, Sedgwick Avenue","Yes","No","Bronx",34.8686932,-85.8394199
"228","Fort Tryon Park (Anne Loftus Playground)","Broadway & Dyckman Street","Yes","Yes","Manhattan",41.1115472,-73.8583806
"229","Fort Tryon Park (Café)","One Margaret Corbin Drive","No","No","Manhattan",40.8608206,-73.9327696
"230","Fort Tryon Park (The Cloisters)","Riverside Drive to Broadway, West 192 to Dyckman streets","Yes","No","Manhattan",40.8158821,-73.9623705
"231","Fort Washington Park (Lily Brown Playground)","West 162 Street, east of Riverside Drive","Yes","Yes","Manhattan",35.5888502,-82.5700538
"232","Fox Playground","Avenue H, East 54 to E 55 streets","Yes","Yes","Brooklyn",36.1259239,-111.2178871
"233","Francis Lewis Playground","3 Avenue and Bronx Whitestone Bridge","Yes","No","Queens",40.7955686,-73.8258891
"234","Frank D. O'Connor Playground","Broadway & 78 Street","Yes","No","Queens",41.1115472,-73.8583806
"235","Frank Golden Park","132 to 138 streets, 14 Road","Yes","No","Queens",30.1598852,31.6220415
"237","Frederick B. Judge Memorial Playground","111 Avenue, 134 & 135 streets, Lincoln Street","Yes","No","Queens",53.5587088,-113.5819341
"238","Frederick Douglass Playground","West 100-101 Street Amsterdam Avenue","Yes","No","Manhattan",41.1998987,-73.2103157
"239","Frederick E. Samuel Playground","Lenox Avenue, West 139 to West 140 streets","Yes","No","Manhattan",38.6727119,-90.2934383
"240","Frederick Johnson Park","7 Avenue, West 150-151 streets","Yes","No","Manhattan",37.7891138,-89.5307414
"241","Fresh Meadows Playground (PS 173)","67 Avenue & 173 Street","Yes","No","Queens",25.9478599,-80.3073243
"244","Galapo Playground","Bedford Avenue, Gravesend Neck Road","Yes","No","Brooklyn",40.6081026,-73.9481894
"245","Garibaldi Playground","82 to 83 Street at 18 Avenue","Yes","No","Brooklyn",32.5673669,-114.6840579
"246","General Douglas MacArthur Park","East 49 Street & East River Drive","Yes","No","Manhattan",25.8671713,-80.2711956
"247","Glenwood Playground","Ralph Avenue & Farragut Road","Yes","Yes","Brooklyn",40.634696,-73.9188247
"248","Gorman Playground","30 Avenue between 84 & 85 streets","Yes","No","Queens",51.3299758,-0.4134902
"249","Gouverneur Playground","3rd Avenue, St. Paul's Place, East 170 Street","Yes","No","Bronx",27.7749317,-82.6351014
"250","Gowanus Playground","Wyckoff Street between Bond & Hoyt streets","Yes","No","Brooklyn",41.0095316,-74.1729106
"252","Gravesend Park","18 Avenue & 56 Street","Yes","No","Brooklyn",47.9330656,-97.3115371
"254","Greene Playground","Greene & Washington avenues","Yes","No","Brooklyn",39.697399,-83.8897057
"255","Greenwood Playground","Fort Hamilton Parkway, Greenwood, East 5 Street","Yes","No","Brooklyn",40.6094454,-74.0285434
"259","Gunn Park (PS 18)","Hillside Avenue, east of 235 Court","No","No","Queens",41.7459008,-72.6983756
"262","Haggerty Park","202 Street & Jamaica Avenue","No","Yes","Queens",44.4745123,-103.3163374
"263","Hallets Cove Playground","Hallets Cove, Vernon Boulevard","Yes","No","Queens",40.7717904,-73.9343288
"264","Hamilton Fish Park (Recreation Center)","Between East Houston & Stanton streets","Yes","Yes","Manhattan",29.425102,-98.47566
"265","Hamilton-Metz Field","Albany, East New York, Lefferts avenues","Yes","No","Brooklyn",42.6525793,-73.7562317
"266","Hammel Playground","Rockaway Beach Blvd. Bet. Beach 84 St. And Beach 81 St.","No","Yes","Queens",40.5831381,-73.8226613
"267","Hansborough Recreation Center","35 West 134 Street","Yes","No","Manhattan",35.3343358,-97.5128357
"268","Happy Warrior Playground","West 98 Street & Amsterdam Avenue","Yes","No","Manhattan",44.8263946,-93.3188017
"269","Harold Schneiderman Playground (PS 232)","155 Avenue & 83 Street","Yes","Yes","Queens",41.6400998,-90.5980213
"271","Harry Maze Memorial Park","Avenue D between East 56 & East 57 Street","Yes","No","Brooklyn",51.732512,-1.2171341
"272","Hart Playground","37 Avenue, west of 69 Street","Yes","No","Queens",32.0573306,-81.1011989
"274","Hattie Carthan Playground","East of Marcy Street","Yes","No","Brooklyn",35.6885097,-105.9352118
"279","Herman Dolgon Playground","Avenue V & Nostrand Avenue","Yes","No","Brooklyn",40.5972985,-73.9505267
"281","High Rock Park","Richmond Parkway & Moravian Cemetery at Rockland Avenue","Yes","No","Staten Island",37.9752082,-122.360827
"282","High Rock Park (Education Building)","Richmond Parkway & Moravian Cemetery at Rockland Avenue","Yes","No","Staten Island",37.9752082,-122.360827
"283","High Rock Park (McArthur Park)","Richmond Parkway & Moravian Cemetery at Rockland Avenue","Yes","Yes","Staten Island",37.9752082,-122.360827
"284","High Rock Park (Visitor Center)","Richmond Parkway & Moravian Cemetery at Rockland Avenue","Yes","No","Staten Island",37.9752082,-122.360827
"285","Highbridge Park (Quisqueya Playground)","West 180 Street & Amsterdam Avenue","Yes","No","Manhattan",40.4554989,-94.1199107
"286","Highbridge Park (Recreation Center)","West 155 & Dyckman streets, Edgecombe & Amsterdam avenues","Yes","No","Manhattan",10.370623,-85.6372166
"287","Highbridge Park (Wallenberg Playground)","West 188 Street & Amsterdam Avenue","Yes","Yes","Manhattan",33.8598323,-118.3324814
"288","Highbridge Park-Wallenberg Playground","W 189 St & Amsterdam Ave","No","Yes","Manhattan",38.7243863,-95.8158755
"290","Hoffman Park","Hoffman Drive west of Queens Boulevard","Yes","No","Queens",40.7337976,-73.8721667
"291","Holcombe Rucker","West 155 Street, 8 Avenue to Harlem River Drive","Yes","No","Manhattan",40.8280552,-73.9346918
"292","Hollis Playground (JHS 192)","205 Street & Hollis Avenue","No","No","Queens",44.414235,-98.2489349
"293","Holy Cow Playground (PS 179)","Peck Avenue & Harding Boulevard","No","No","Queens",40.9852219,-73.6771619
"294","Hoover Playground","Manton Street & 83 Avenue","Yes","No","Queens",39.9373794,-75.1802915
"296","Horseshoe Playground","Hall Place, Rogers Place, East 165 Street","Yes","No","Bronx",42.3669786,-71.0864226
"298","Hunts Point Playground","Spofford Avenue, Hunts Point Avenue, Faile Street","Yes","No","Bronx",40.8144125,-73.8868227
"300","Inwood Hill Park (Payson Playground)","Payson & Dyckman streets","Yes","No","Manhattan",34.2308684,-111.3251355
"301","Inwood Hill Park (Tennis Courts)","Tennis courts & ballfields along Seaman Avenue from 207th Street to 214th Street","Yes","No","Manhattan",37.2905087,-76.7298653
"302","J. Hood Wright Park","Ft. Washington & Haven avenues, West 173 Street","Yes","Yes","Manhattan",38.7073379,-77.0230313
"305","Jackie Robinson Park","West 149 Street & Bradhurst Avenue","Yes","No","Manhattan",38.7967381,-95.7502707
"306","Jackie Robinson Park (Playground One Fifty Two CLII)","West 152 Street & Bradhurst Avenue","Yes","No","Manhattan",35.9422516,-97.0968412
"307","Jackie Robinson Park (Recreation Center)","Bradhurst & Edgecombe avenues,West 145 to West 155 streets","Yes","Yes","Manhattan",41.0897353,-73.801493
"308","Jackie Robinson Playground","Sullivan Place & Franklin Avenue, Montgomery Street","Yes","No","Brooklyn",40.6643685,-73.9560187
"309","Jacob Schiff Playground (PS 192)","Amsterdam Avenue, West 136 Street","Yes","No","Manhattan",41.2004328,-73.2103811
"311","Jesse Owens Playground","Stuyvesant & Lafayette avenues","Yes","Yes","Brooklyn",42.3903615,-73.7815126
"312","John Golden Park","215 Place, south of 32 Avenue","No","Yes","Queens",36.2202414,-83.2562869
"313","John J. Carty Park","Fort Hamilton Parkway, 94-95 streets","Yes","No","Brooklyn",40.614814,-74.029402
"314","John Jay Park & Pool","East 76-East 78 streets & Cherokee Place","Yes","No","Manhattan",38.979234,-94.439631
"315","John Paul Jones Park","Shore Parkway, Fort Hamilton Parkway, 101 Street","Yes","No","Brooklyn",40.6022659,-74.012203
"318","Joseph Austin Playground","Grand Central Parkway & 164 Place","Yes","No","Queens",40.7186362,-73.7954966
"319","Joseph F. Mafera Park","65 Place & Catalpa Avenue & 68 Avenue","Yes","No","Queens",40.7356231,-73.8999796
"320","Julio Carballo Field","Lafayette Avenue, Manda Street","Yes","No","Bronx",29.7241119,-91.3062695
"321","Juniper Valley Park","Lutheran Avenue; North and South Juniper boulevards; and the pathway from 76th Street on north end to 75th Street on south end","Yes","Yes","Queens",42.3388111,-71.0765188
"322","Juniper Valley Park (North Playground Tennis)","62nd Avenue & 80th Street","Yes","No","Queens",33.5984872,-116.1553285
"323","K.L. Williams Playground (Tennis)","Liberty Avenue, 172-173 streets","Yes","No","Queens",40.1387194,-92.0726067
"326","Kennedy King Playground","East 93 Street & Lenox Road","Yes","No","Brooklyn",41.4599879,-81.6214291
"327","Kennedy Playground","Corp. Kennedy Street & 33 Avenue","Yes","No","Queens",40.7699431,-73.7793645
"328","Kissena Corridor East (Underhill Playground)","Peck Avenue & 188 Street","Yes","No","Queens",40.9852219,-73.6771619
"329","Kissena Park","Oak Avenue, 104th Street, & Kissena Lake Area","Yes","No","Queens",27.8198168,-82.7825187
"330","Kissena Park (Tennis Courts)","Rose & Oak avenues","Yes","No","Queens",31.1511062,-86.6635667
"332","Lawerence Virgilio Playground","39 Drive & 54 Street","Yes","Yes","Queens",29.932462,-82.8247735
"334","Levy Playground","Jewett & Castleton avenues","Yes","No","Staten Island",31.3615664,-96.1441315
"335","Liberty Pool","173rd Street and 106th Avenue","No","Yes","Queens",40.7020409,-73.7831254
"336","Lincoln Terrace Park","Buffalo Avenue/Protal Street/New York Avenue","Yes","No","Brooklyn",42.8864468,-78.8783689
"337","Lincoln Terrace Park (Arthur S. Somers Playground)","East New York, Rochester avenues, Eastern Parkway,Buffalo Avenue","Yes","No","Brooklyn",40.7127837,-74.0059413
"338","Linden Park","Stanley Avenue, Linden Boulevard","Yes","No","Brooklyn",38.6013797,-121.3483853
"339","Linden Park","104 Street & 41 Avenue","Yes","No","Queens",40.689097,-73.840462
"340","Lindower Park","Mill & Strickland avenues, 60 Street","Yes","No","Brooklyn",44.1024575,-85.1474375
"341","Little Flower Playground","Madison Street opposite Jefferson Street","No","Yes","Manhattan",43.0730517,-89.4012302
"342","London Planetree Playground","88 Street, Atlantic-95 avenues","Yes","No","Queens",41.1680702,-73.1860619
"343","Loreto Park Playground","Morris Park Avenue, Haight Avenue, Tomlinson Avenue, Van Nest Avenue","Yes","No","Bronx",40.8522006,-73.8507279
"344","Loring Field","North Conduit & 149 Avenue","Yes","No","Queens",40.6669522,-73.7957487
"345","Lost Battalion Hall","Queens Boulevard between 62 Avenue & 62 Road","Yes","No","Queens",40.7337976,-73.8721667
"346","Lou Lodati Playground","Skillman Avenue & 43 Street","Yes","No","Queens",40.7161042,-73.9429514
"347","Louis Armstrong Playground (PS 143)","37 Avenue between 112 & 113 streets","No","Yes","Queens",51.3298101,-0.4139676
"348","Louis Pasteur Park","248 Street & 51 Avenue","Yes","No","Queens",43.7894496,-97.317357
"350","Luna Park Playground","West 12 Street & Surf Avenue","Yes","No","Brooklyn",37.0239219,-94.7507402
"351","Lyons Pool","Pier 6, Victory Boulevard","No","Yes","Staten Island",41.4440436,-71.5008762
"352","Macombs Dam Park","East 161th Street & Ruppert Place","Yes","No","Bronx",40.0221122,-86.1021167
"353","Magenta Playground","Olinville Avenue, Rosewood Street","Yes","Yes","Bronx",40.8803912,-73.8668996
"354","Mahoney Playground","Beechwood & Cleveland avenues","Yes","No","Staten Island",43.6093958,-83.1907247
"355","Mapes Pool","East 180 Street, Mapes & Prospect avenues","Yes","No","Bronx",44.676126,-84.2319123
"356","Maple Playground","Kissena Boulevard & Maple Avenue","No","Yes","Queens",40.7413696,-73.8148124
"357","Marble Hill Playground","Marble Hill Avenue, West 230 Street, West 228 Street","No","No","Bronx",38.8362227,-90.8380486
"358","Marconi Park","109 Avenue & 155 Street","Yes","No","Queens",42.4839997,-86.1205004
"359","Marc's & Jason's Playground","Sterling Street & Empire Boulevard","Yes","No","Brooklyn",42.3836001,-71.7737004
"360","Marcus Garvey Park (Pelham Fritz Recreation Center)","18 Mount Morris Park West","Yes","No","Manhattan",40.8050093,-73.9448633
"361","Marcus Garvey Park (Pool)","Madison Avenue, East 120 to East 124 streets","No","No","Manhattan",43.6728093,-79.4052216
"363","Marie Curie Park (JHS 158)","211 & Oceana streets, 46 Avenue","Yes","No","Queens",18.1655046,42.2153467
"365","Marine Park Nature Center","East 33rd Street and Avenue U","No","Yes","Brooklyn",40.605043,-73.9299035
"366","Marion-Hopkinson Playground","Hopkinson Avenue & Marion Street","Yes","No","Brooklyn",40.6692495,-73.9135787
"367","Markham Playground","Willowbrook Parkway, Forest Avenue & Houston Street","Yes","Yes","Staten Island",41.7511858,-87.9011036
"368","Martin Luther King Houses","Lenox Avenue, West 113 to West 114 streets","Yes","No","Manhattan",38.6727119,-90.2934383
"371","Maurice A. Fitzgerald Playground","Atlantic Avenue & 106 Street","Yes","No","Queens",40.6762581,-73.9082993
"373","May Matthews Playground","West 45 Street between 9 & 10 avenues","Yes","No","Manhattan",29.8331559,31.3529387
"374","Mazzei Playground","Mace Avenue, Williamsbridge Road","Yes","No","Bronx",40.8629385,-73.8520399
"375","McCaffrey Playground","West 43 Street, 8 & 9 avenues","Yes","No","Manhattan",29.5434241,-90.3389027
"379","McKinley Park","Fort Hamilton Parkway, 73 to 78 streets, 7 Avenue","Yes","No","Brooklyn",40.6094454,-74.0285434
"380","McKinley Playground","Avenue A, East 3-East 4 streets","No","No","Manhattan",47.6532648,-117.3469896
"382","Mellett Playground","Avenue V between East 13 & East 14 streets","Yes","No","Brooklyn",29.840364,31.3375167
"383","Metropolitan Pool","Southeast corner of Bedford & Metropolitan avenues","Yes","No","Brooklyn",52.1773487,-0.4240279
"385","Midland Playground","Lincoln & Mason avenues","Yes","No","Staten Island",40.8257625,-96.6851982
"386","Millbrook Playground","East 135 Street, Cypress Avenue","Yes","Yes","Bronx",28.2588861,-81.2704128
"387","Monsignor Mcgolrick Park","Driggs to Nassau avenues, Russell to Monitor streets","Yes","No","Brooklyn",43.7232522,-111.1113326
"388","Montbellier Park","Springfield Boulevard & 139 Avenue","No","No","Queens",40.7073529,-73.7390612
"389","Morningside Park","West 123 Street & Morningside Avenue","Yes","Yes","Manhattan",41.6661463,-87.8912235
"391","Morningside Playground","West 117 Street & Morningside Avenue","Yes","No","Manhattan",41.4675749,-81.7687675
"394","Msgnr. Kett","West 204 Street & Nagle Avenue","Yes","No","Manhattan",33.8456017,-118.2992222
"397","Murray Playground","21 Street, 45 Avenue, 11 Street, 45 Road","No","No","Queens",37.0324294,35.4022227
"398","Nautilus Playground","Merrick & Baisley boulevards","Yes","No","Queens",40.6628795,-73.551516
"400","Newport Playground","Newport Avenue & Osborn Street","Yes","No","Brooklyn",41.8933422,-71.3540475
"402","Noonan Playground","Greenpoint & 47 avenues, 43 Street","Yes","No","Queens",40.7245448,-73.9418603
"403","North Rochdale Playground (PS 30)","Baisley Boulevard & Bedell Street","Yes","No","Queens",40.6805681,-73.7745184
"404","Nostrand Playground","Nostrand & Foster avenues","Yes","No","Brooklyn",40.6414184,-73.9485722
"405","Ocean Hill Playground","Bergen Street, Rockaway Avenue, Dean Street","Yes","No","Brooklyn",40.885978,-74.555825
"407","Oracle Playground","Adelphi & Myrtle avenues","Yes","No","Brooklyn",39.0031656,-76.97192
"408","Orchard Beach Pavilion","Bruckner Boulevard, Eastchester Bay, Hutchinson","No","No","Bronx",40.8524136,-73.8263227
"409","Orchard Beach Pavilion","Bruckner Boulevard, Eastchester Bay, Hutchinson","Yes","Yes","Bronx",40.8524136,-73.8263227
"410","Orville & Wilbur Playground","West 156 Street & St. Nicholas Avenue","Yes","No","Manhattan",40.0137425,-86.178515
"411","Osborn Playground","Linden Boulevard & Osborn Street","Yes","No","Brooklyn",40.692642,-73.769417
"412","Owen Dolen Recreation Center","Westchester Avenue, Lane Avenue, East Tremont Avenue","Yes","No","Bronx",41.742645,-81.1931422
"413","P.O. Nicholas Demutis Playground","102 Street & Liberty Avenue","Yes","No","Queens",45.9135471,-100.3364941
"415","Paerdegat Park","Foster Avenue, East 40-41 streets","Yes","No","Brooklyn",44.4017288,-122.6973751
"416","Painters Playground (PS 174)","Alderton Street from Dieterle to Elwell Crescents","Yes","No","Queens",47.1695456,-122.2292845
"417","Park Slope Playground","Berkeley Street & Lincoln Place","Yes","No","Brooklyn",38.7544952,-90.3312256
"419","Parkside Playground","Parkside, Bedford & Rogers avenues","Yes","No","Brooklyn",52.0104505,-0.384802
"420","Paul W. Kolbert Park/Rachel Haber Cohen Playground","Avenue L, East 17 to East 18 streets","Yes","No","Brooklyn",36.1259239,-111.2178871
"421","Pelham Bay Park (Bruckner Boulevard and Wilkinson Avenue)","Bruckner Boulevard, Eastchester Bay, Hutchinson","Yes","No","Bronx",40.8524136,-73.8263227
"422","Pelham Bay Park (Bruckner CS)","Bruckner Boulevard, Eastchester Bay, Hutchinson","Yes","No","Bronx",40.8524136,-73.8263227
"423","Pelham Bay Park (Hunter Island Picnic Area)","Bruckner Boulevard, Eastchester Bay, Hutchinson","Yes","Yes","Bronx",40.8524136,-73.8263227
"424","Pelham Bay Park (Playground for All Children)","Bruckner Expressway & Buhre Avenue","Yes","Yes","Bronx",40.8252582,-73.8663659
"425","Pelham South Park Headquarters","Bruckner Boulevard, Eastchester Bay, Hutchinson","Yes","No","Bronx",40.8524136,-73.8263227
"426","People's Park Playground","Brook Avenue, East 141 Street","Yes","No","Bronx",52.1611208,7.5086008
"427","Peter's Field","183 Place & Henderson Avenue","Yes","No","Queens",41.5617514,-87.562209
"428","PFC Thomas Norton Memorial Playground","Nostrand Avenue & Marine Parkway","Yes","No","Brooklyn",40.67838,-73.94822
"430","Pink Playground","Stanley Avenue & Eldert Lane","Yes","No","Brooklyn",39.7879895,-84.1773775
"432","Playground 70","West End Avenue & West 70 Street","Yes","Yes","Manhattan",40.786941,-73.979288
"433","Playground 90/PS 148 Playground","Northern Boulevard & 90 Street","Yes","No","Queens",40.7887109,-73.7056104
"435","Playground Ninety Six (XCVI)","2 Avenue, East 96 to East 97 streets","Yes","No","Manhattan",30.1299866,-85.599535
"436","Playground Seventy-Five (PS 154)","160 Street & 75 Avenue","Yes","No","Queens",42.4651008,-95.7402758
"437","Police Officer Reinaldo Salgado Playground","Madison Street & Patchen Avenue","Yes","No","Brooklyn",35.0131472,-90.7226097
"438","Poor Richard's Playground","East 109 Street between 2 & 3 avenues","Yes","No","Manhattan",29.8462469,31.344523
"439","Potomac Playground","Tompkins Avenue & Halsey Street","Yes","No","Brooklyn",40.6120263,-74.0708689
"440","Pratt Playground","Willoughby Avenue, Emerson Place","Yes","No","Brooklyn",41.6397696,-81.4065011
"441","Prescott Playground","Hylan Boulevard & Huguenot Avenue","Yes","No","Staten Island",40.5464584,-74.1414633
"444","Prospect Park (Middle Long Meadow)","Picnic House","Yes","Yes","Brooklyn",36.2487889,-92.2453764
"450","PS 1 Playground","46 & 47 streets, 3 Avenue","Yes","No","Brooklyn",35.4892582,45.870688
"461","Rappaport Playground","52-53 streets, Fort Hamilton Parkway","Yes","No","Brooklyn",40.6364526,-74.0005217
"462","Real Good Park (Lie Playground)","LIE, 99 Street & 62 Avenue","Yes","Yes","Queens",40.7393545,-73.7924011
"465","Red Hook Park (Coffey Park Playground)","King, Richards, & Dwight Streets","Yes","No","Brooklyn",52.6339568,-1.152479
"468","Renaissance Playground","West 144 Street, between 7 & 8 avenues","Yes","No","Manhattan",29.839422,31.3384822
"470","Richman (Echo) Park Playground","East 178 Street & Ryer Avenue, Upper Level","Yes","Yes","Bronx",40.8457333,-73.8893856
"471","Rienzi Playground","East 226 Street, Barnes Avenue, East 225 Street","Yes","No","Bronx",32.828071,-96.586918
"473","Riverside Park (Boat Basin)","Riverside Drive to Hudson River, West 59th Street to Clair Place","No","No","Manhattan",40.8158821,-73.9623705
"475","Riverside Park (Claremont)","West 124 Street & Riverside Drive","Yes","No","Manhattan",43.3294489,-85.9196777
"477","Riverside Park (Dinosaur Playground)","West 97 Street & Riverside Drive","Yes","No","Manhattan",41.7166075,-87.7321699
"478","Riverside Park (Hippo Playground)","West 91 Street & Riverside Drive","Yes","No","Manhattan",41.7270733,-87.756897
"479","Riverside Park (Neufeld Playground)","West 76 Street & Riverside Drive","Yes","No","Manhattan",43.8501819,-85.8749985
"480","Riverside Park (River Run Playground)","West 83 Street & Riverside Drive","Yes","No","Manhattan",38.9780838,-94.9017482
"481","Riverside Park (Riverbank Playground)","West 142 Street & Riverside Drive","Yes","No","Manhattan",41.6370323,-87.6415624
"482","Riverside Park (Ten Mile River Playground)","West 148 Street & Hudson River","No","No","Manhattan",41.6208231,-87.6681095
"483","Riverside Park (Tennis Courts)","Riverside Drive & West 96th Street","Yes","No","Manhattan",40.8158821,-73.9623705
"484","Robert Moses Playground","1 Avenue, East 41 to East 42 streets","Yes","No","Manhattan",36.1259239,-111.2178871
"488","Rockaway Beach & Boardwalk (Beach 59th Street Playground)","Boardwalk & Beach 59-60 streets","Yes","No","Queens",29.9577052,-95.5791226
"489","Rockaway Beach 106 Comfort Station","Beach 106 Street","No","Yes","Queens",40.582913,-73.8278554
"490","Rockaway Beach 117th L/G","Beach 117 Street","No","Yes","Queens",40.5795009,-73.8381068
"491","Rockaway Beach 86 Comfort Station","Beach 86 Street","No","Yes","Queens",40.5890677,-73.8114645
"492","Rockaway Beach 97 Comfort Station","Beach 97 Street","No","Yes","Queens",40.584947,-73.8188057
"493","Rodney Playground South","Rodney, South 3 & South 4 streets","Yes","No","Brooklyn",42.2054689,-95.9498735
"494","Roebling Playground","Wilson & Lee avenues, Taylor Street","Yes","No","Brooklyn",35.7212689,-77.9155395
"496","Rolf Henry Playground","New York & Clarkson avenues","Yes","No","Brooklyn",40.7127837,-74.0059413
"497","Rose Hill Park","Webster Avenue, Harlem River, East Fordham Road","Yes","No","Bronx",40.8444372,-73.9026954
"501","Rudd Playground","Aberdeen Street & Bushwick Avenue","Yes","No","Brooklyn",-38.1457082,144.3383446
"503","Russell Pederson Playground","Colonial Road, 83 to 85 streets","Yes","No","Brooklyn",49.8908468,-97.1508735
"505","Sara D. Roosevelt Park","East Houston Street to Canal Street","Yes","Yes","Manhattan",29.7604267,-95.3698028
"508","Seaside Playground (PS 225)","Rockaway Beach Boulevard, B109-B110 streets","Yes","No","Queens",39.2901849,-76.4008563
"509","Seth Low Playground","Avenue P, Bay Parkway, West 12 Street","Yes","No","Brooklyn",37.4629089,-122.1441399
"510","Seton Park","West 135 Street, Independence Avenue, West 232 Street","Yes","No","Bronx",39.7865643,-94.8548266
"511","Seton Park Playground","West 235 Street & Douglas Avenue","No","No","Bronx",40.9666567,-95.3371507
"512","Sheltering Arms Park","West 129 Street, Amsterdam Avenue","Yes","No","Manhattan",41.2004898,-73.2104258
"513","Sheltering Arms Park (Pool)","West 129 Street, Amsterdam Avenue","No","No","Manhattan",41.2004898,-73.2104258
"520","Slope Park","6 Avenue Bet 18 & 19 Sts","Yes","No","Brooklyn",29.8387038,31.3384993
"521","Smokey Oval","125 Street & Atlantic Avenue","Yes","No","Queens",40.8107835,-73.9525929
"522","Sol Bloom Playground","Columbus Avenue, West 91 to West 92 streets, Central Park West","Yes","No","Manhattan",40.7828647,-73.9653551
"527","Sperandeo Brothers Playground","Atlantic Avenue & Elton Street","Yes","No","Brooklyn",40.6762581,-73.9082993
"529","St Nicholas Park South","West 129 & 7 Avenue","Yes","No","Manhattan",43.6118917,-112.1298471
"530","St. Albans Park (174 Street Playground)","174 Street & 113 Avenue","Yes","No","Queens",44.8645206,-98.4228011
"531","St. Andrew's Playground","Atlantic Avenue & Herkimer Street","Yes","No","Brooklyn",40.6762581,-73.9082993
"532","St. Catherine's Park","East 67-68 streets, 1 Avenue","Yes","No","Manhattan",40.764625,-73.9583262
"533","St. Mary's Park (Recreation Center)","450 St. Ann's Avenue","Yes","Yes","Bronx",37.8921376,-89.5047806
"534","St. Mary's Park West","St. Anns Avenue & East 147 Street","Yes","No","Bronx",40.8123102,-73.9140718
"536","St. Nicholas Park","West 133 Street & St. Nicholas Avenue","Yes","No","Manhattan",38.8257134,-95.8199323
"537","St. Nicholas Park","West 129 Street & St. Nicholas Terrace","Yes","No","Manhattan",38.8923642,-94.7119418
"538","St. Nicholas Park (Arlington Edinboro Playground)","West 140 Street & St. Nicholas Avenue","Yes","No","Manhattan",40.5150292,-93.99842
"539","St. Vartan Park","East 35-East 36 streets, between 1 & 2 avenues","Yes","Yes","Manhattan",29.8894662,31.3071263
"540","Stanley Isaacs","East 96-97 streets & FDR Drive","Yes","Yes","Manhattan",36.0234368,-95.8724539
"541","Stapleton Playground","Tompkins Avenue & Broad Street","Yes","Yes","Staten Island",40.6120263,-74.0708689
"542","Star Spangled Banner Playground","Franklin & Willoughby avenues","Yes","No","Brooklyn",35.9250637,-86.8688899
"543","Stars & Stripes Playground","Baychester Avenue, Crawford Avenue","Yes","No","Bronx",40.8693862,-73.8330844
"544","Sternberg Park","Montrose Avenue, Boerum, Lorimer, Leonard streets","Yes","Yes","Brooklyn",56.706922,-2.466115
"545","Stockton Playground","Marcy & Park avenues","Yes","No","Brooklyn",43.1706253,-75.2915564
"546","Stroud Playground","Classon Avenue & Sterling Place","Yes","No","Brooklyn",40.6844907,-73.9591228
"547","Sunset Park","41 to 44 streets, 5 to 7 avenues","Yes","No","Brooklyn",14.445776,79.9814137
"548","Sunset Park (Recreation Center)","41 to 44 streets, 5 to 7 avenues","Yes","No","Brooklyn",14.445776,79.9814137
"549","Surf Playground","West 27 Street & Surf Avenue","Yes","No","Brooklyn",36.8756394,-76.2967379
"550","Tall Oak Playground","64 Avenue, 218 & 219 streets","Yes","No","Queens",38.3221127,-77.4641885
"552","Tecumseh Playground","West 77 Street & Amsterdam Avenue","Yes","No","Manhattan",41.7536803,-87.6872304
"553","Terrace Playground","Howard Avenue & Martha Street","Yes","Yes","Staten Island",28.8535234,-96.3819597
"557","Tiger Playground","Evergreen Avenue & Eldert Street","Yes","Yes","Brooklyn",43.2773188,-93.4083467
"558","Tilden Playground","Tilden Avenue, East 48 to East 49 streets","Yes","No","Brooklyn",43.6947781,-79.5158585
"559","Todt Hill Playground","Schmidts Lane & Manor Road","Yes","Yes","Staten Island",40.6094076,-74.1165739
"561","Tremont Park Playground","Corner of East 175 Street & Arthur Avenue","Yes","No","Bronx",43.1905,-91.8592758
"564","Underhill Playground","Underhill Avenue & Prospect Place","Yes","No","Brooklyn",41.2601064,-73.7968702
"565","Underwood Park","Lafayette & Waverly avenues","Yes","Yes","Brooklyn",30.2240897,-92.0198427
"566","Union Playground (PS 214)","Union Street & 31 Road","Yes","No","Queens",42.8212715,-89.3010356
"569","Van Cortlandt Park (Classic Playground)","Van Cortlandt Park South and Gouverneur Avenue","Yes","No","Bronx",40.8849265,-73.8907719
"571","Van Cortlandt Park (Nature Center)","West 239 Street & Van Cortlandt East","Yes","No","Bronx",38.6945639,-94.6987116
"572","Van Cortlandt Park (Pool Building)","West 242nd Street & Broadway","Yes","No","Bronx",40.8895802,-73.8999318
"573","Van Cortlandt Park (Stables Area)","Broadway and West 254th Street","Yes","No","Bronx",40.9010541,-73.8969283
"576","Van Cortlandt Park (UC Pool Men's Locker)","West 242nd Street & Broadway","Yes","No","Bronx",40.8895802,-73.8999318
"577","Van Cortlandt Park (Woodlawn Playground)","West 239 Street & Van Cortlandt East","Yes","No","Bronx",38.6945639,-94.6987116
"579","Vesuvio Playground","Spring & Thompson streets","Yes","Yes","Manhattan",36.4214066,-116.4221616
"580","Vidalia Park","Vyse & Daly avenues between West 179-180 streets","No","Yes","Bronx",52.1790819,-1.2987189
"583","Vleigh Place Playground","Vleigh Place & 141 Street","Yes","Yes","Queens",40.72314,-73.8204868
"584","Vleigh Playground (PS 165)","70 Road to 71 Avenue","Yes","No","Queens",23.0599167,113.1020109
"585","Wagner Pool","East 124 Street between 1 & 2 Avenues","No","No","Manhattan",32.9744973,-91.7396503
"588","Washington Square Park Western Half","5 Avenue, Waverly Place, West 4 & MacDougal streets.","Yes","No","Manhattan",43.1505058,-77.6190564
"589","Watson Gleason Playground","Gleason Avenue, Rosedale Avenue, Watson Avenue, Nobel Avenue","Yes","No","Bronx",28.6160748,-80.8213475
"590","Wayanda Park","Robard Lane & 217 Street","Yes","No","Queens",40.7101235,-73.7395005
"592","Weeping Beech Park","37 Avenue & Bowne Street","Yes","No","Queens",41.5505926,-87.2047099
"593","West 2nd Street Comfort Station","W. 2nd Street","No","No","Brooklyn",33.3909024,-104.7074011
"595","West 8nd Street CS","W 8 St.","No","No","Brooklyn",33.4242225,-94.057226
"596","Whitestone Playground (PS 193)","12 Avenue & 153 Street","Yes","No","Queens",40.7607442,-74.002077
"597","William E. Kelly Memorial Park","Avenue S, East 14 & East 15 streets","Yes","No","Brooklyn",45.4572407,-91.0830932
"600","Willis Playground","East 139 Street, East 140 Street, Willis & Alexander avenues","Yes","No","Bronx",39.5854625,-94.9258932
"601","Willoughby Playground","Tompkins & Willoughby avenues","Yes","No","Brooklyn",42.3730923,-84.5416359
"603","Willowbrook Park","Richmond Avenue To Victory Boulevard","Yes","No","Staten Island",37.5407246,-77.4360481
"604","Wingate Park","Brooklyn Avenue & Rutland Road","Yes","No","Brooklyn",33.0303077,-83.9287213
"605","Woods Playground","Bergen Street & Utica Avenue","Yes","No","Brooklyn",40.7233091,-74.1994354
"606","Woodtree Playground","20 Avenue, 37 Street, 38 Street","Yes","No","Queens",36.9996718,35.3042262
